sales_channel,total_revenue,total_orders,unique_customers,avg_order_value,total_margin,avg_discount,gross_margin_pct,revenue_share
Direct,5001476.72,2765,435,1808.85,1637023.31,0.04965641952983726,0.3273,0.2931
Marketplace,4662009.11,2713,434,1718.4,1523346.11,0.051732399557685216,0.3268,0.2732
Partner,3918892.15,2205,414,1777.28,1277959.52,0.04823129251700681,0.3261,0.2297
Online Store,3481910.45,1921,398,1812.55,1136912.99,0.05059864653826132,0.3265,0.204
