customer_segment,total_revenue,total_orders,unique_customers,avg_order_value,total_margin,repeat_customers,gross_margin_pct,repeat_rate
SMB,7139927.63,4005,208,1782.75,2333199.77,3997,0.3268,19.216346153846153
Startup,4711759.24,2670,124,1764.7,1536785.63,2660,0.3262,21.451612903225808
Enterprise,3674387.72,2017,105,1821.71,1205060.44,2009,0.328,19.133333333333333
Government,1538213.84,912,45,1686.64,500196.09,909,0.3252,20.2
